{
  "Product": [
    {
      "id": "6e75",
      "image": "https://rukminim2.flixcart.com/image/416/416/xif0q/mobile/p/z/g/-original-imagzr2e2xxem9kq.jpeg?q=70&crop=false",
      "title": "d",
      "price": "72999",
      "oldPrice": "69999",
      "description": "Experience the pinnacle of photography with the Xiaomi 14, the product of the innovative partnership between Xiaomi and Leica. With three 50 MP Leica cameras, you can unleash your imagination and capture the subtleties of life with unmatched clarity. With its wide aperture, the primary 50 MP Summilux camera steals the show and produces amazing pictures across a range of lighting settings. Leica Cinematography has remarkable cinematic qualities, providing GoPro and Dolby Vision video recording. The phone's design guarantees an immersive viewing experience with its ultra-comfortable grip and state-of-the-art display technology. The Snapdragon 8 Gen 3-powered Xiaomi 14 skillfully strikes a mix between economy and performance. With the 90 W HyperCharge, charging is simplified. Its IP68 certification ensures durability, and its CCG technology provides maximum performance when charging."
    },
    {
      "id": "3992",
      "image": "https://rukminim2.flixcart.com/image/416/416/xif0q/mobile/p/z/g/-original-imagzr2e2xxem9kq.jpeg?q=70&crop=false",
      "title": "dXiaomi 14 (White, 512 GB)  (12 GB RAM)",
      "price": "72999",
      "oldPrice": "69999",
      "description": "Experience the pinnacle of photography with the Xiaomi 14, the product of the innovative partnership between Xiaomi and Leica. With three 50 MP Leica cameras, you can unleash your imagination and capture the subtleties of life with unmatched clarity. With its wide aperture, the primary 50 MP Summilux camera steals the show and produces amazing pictures across a range of lighting settings. Leica Cinematography has remarkable cinematic qualities, providing GoPro and Dolby Vision video recording. The phone's design guarantees an immersive viewing experience with its ultra-comfortable grip and state-of-the-art display technology. The Snapdragon 8 Gen 3-powered Xiaomi 14 skillfully strikes a mix between economy and performance. With the 90 W HyperCharge, charging is simplified. Its IP68 certification ensures durability, and its CCG technology provides maximum performance when charging."
    },
    {
      "id": "8b1e",
      "image": "https://rukminim2.flixcart.com/image/416/416/xif0q/mobile/p/z/g/-original-imagzr2e2xxem9kq.jpeg?q=70&crop=false",
      "title": "sXiaomi 14 (White, 512 GB)  (12 GB RAM)",
      "price": "72999",
      "oldPrice": "69999",
      "description": "Experience the pinnacle of photography with the Xiaomi 14, the product of the innovative partnership between Xiaomi and Leica. With three 50 MP Leica cameras, you can unleash your imagination and capture the subtleties of life with unmatched clarity. With its wide aperture, the primary 50 MP Summilux camera steals the show and produces amazing pictures across a range of lighting settings. Leica Cinematography has remarkable cinematic qualities, providing GoPro and Dolby Vision video recording. The phone's design guarantees an immersive viewing experience with its ultra-comfortable grip and state-of-the-art display technology. The Snapdragon 8 Gen 3-powered Xiaomi 14 skillfully strikes a mix between economy and performance. With the 90 W HyperCharge, charging is simplified. Its IP68 certification ensures durability, and its CCG technology provides maximum performance when charging."
    },
    {
      "id": "6e5f",
      "image": "https://rukminim2.flixcart.com/image/416/416/xif0q/mobile/p/z/g/-original-imagzr2e2xxem9kq.jpeg?q=70&crop=false",
      "title": "eXiaomi 14 (White, 512 GB)  (12 GB RAM)",
      "price": "72999",
      "oldPrice": "69999",
      "description": "Experience the pinnacle of photography with the Xiaomi 14, the product of the innovative partnership between Xiaomi and Leica. With three 50 MP Leica cameras, you can unleash your imagination and capture the subtleties of life with unmatched clarity. With its wide aperture, the primary 50 MP Summilux camera steals the show and produces amazing pictures across a range of lighting settings. Leica Cinematography has remarkable cinematic qualities, providing GoPro and Dolby Vision video recording. The phone's design guarantees an immersive viewing experience with its ultra-comfortable grip and state-of-the-art display technology. The Snapdragon 8 Gen 3-powered Xiaomi 14 skillfully strikes a mix between economy and performance. With the 90 W HyperCharge, charging is simplified. Its IP68 certification ensures durability, and its CCG technology provides maximum performance when charging."
    },
    {
      "id": "4b58",
      "image": "https://rukminim2.flixcart.com/image/416/416/xif0q/mobile/p/z/g/-original-imagzr2e2xxem9kq.jpeg?q=70&crop=false",
      "title": "lXiaomi 14 (White, 512 GB)  (12 GB RAM)",
      "price": "72999",
      "oldPrice": "69999",
      "description": "Experience the pinnacle of photography with the Xiaomi 14, the product of the innovative partnership between Xiaomi and Leica. With three 50 MP Leica cameras, you can unleash your imagination and capture the subtleties of life with unmatched clarity. With its wide aperture, the primary 50 MP Summilux camera steals the show and produces amazing pictures across a range of lighting settings. Leica Cinematography has remarkable cinematic qualities, providing GoPro and Dolby Vision video recording. The phone's design guarantees an immersive viewing experience with its ultra-comfortable grip and state-of-the-art display technology. The Snapdragon 8 Gen 3-powered Xiaomi 14 skillfully strikes a mix between economy and performance. With the 90 W HyperCharge, charging is simplified. Its IP68 certification ensures durability, and its CCG technology provides maximum performance when charging."
    },
    {
      "id": "e461",
      "image": "https://rukminim2.flixcart.com/image/416/416/xif0q/mobile/p/z/g/-original-imagzr2e2xxem9kq.jpeg?q=70&crop=false",
      "title": "sXiaomi 14 (White, 512 GB)  (12 GB RAM)",
      "price": "72999",
      "oldPrice": "69999",
      "description": "Experience the pinnacle of photography with the Xiaomi 14, the product of the innovative partnership between Xiaomi and Leica. With three 50 MP Leica cameras, you can unleash your imagination and capture the subtleties of life with unmatched clarity. With its wide aperture, the primary 50 MP Summilux camera steals the show and produces amazing pictures across a range of lighting settings. Leica Cinematography has remarkable cinematic qualities, providing GoPro and Dolby Vision video recording. The phone's design guarantees an immersive viewing experience with its ultra-comfortable grip and state-of-the-art display technology. The Snapdragon 8 Gen 3-powered Xiaomi 14 skillfully strikes a mix between economy and performance. With the 90 W HyperCharge, charging is simplified. Its IP68 certification ensures durability, and its CCG technology provides maximum performance when charging."
    },
    {
      "id": "8179",
      "image": "https://rukminim2.flixcart.com/image/416/416/xif0q/mobile/p/z/g/-original-imagzr2e2xxem9kq.jpeg?q=70&crop=false",
      "title": "Xiaomi 14 (White, 512 GB)  (12 GB RAM)",
      "price": "59999",
      "oldPrice": "69999",
      "description": "Experience the pinnacle of photography with the Xiaomi 14, the product of the innovative partnership between Xiaomi and Leica. With three 50 MP Leica cameras, you can unleash your imagination and capture the subtleties of life with unmatched clarity. With its wide aperture, the primary 50 MP Summilux camera steals the show and produces amazing pictures across a range of lighting settings. Leica Cinematography has remarkable cinematic qualities, providing GoPro and Dolby Vision video recording. The phone's design guarantees an immersive viewing experience with its ultra-comfortable grip and state-of-the-art display technology. The Snapdragon 8 Gen 3-powered Xiaomi 14 skillfully strikes a mix between economy and performance. With the 90 W HyperCharge, charging is simplified. Its IP68 certification ensures durability, and its CCG technology provides maximum performance when charging."
    },
    {
      "id": "ee36",
      "image": "https://rukminim2.flixcart.com/image/416/416/xif0q/mobile/p/z/g/-original-imagzr2e2xxem9kq.jpeg?q=70&crop=false",
      "title": "Xiaomi 14 (White, 512 GB)  (12 GB RAM)",
      "price": "72999",
      "oldPrice": "69999",
      "description": "Experience the pinnacle of photography with the Xiaomi 14, the product of the innovative partnership between Xiaomi and Leica. With three 50 MP Leica cameras, you can unleash your imagination and capture the subtleties of life with unmatched clarity. With its wide aperture, the primary 50 MP Summilux camera steals the show and produces amazing pictures across a range of lighting settings. Leica Cinematography has remarkable cinematic qualities, providing GoPro and Dolby Vision video recording. The phone's design guarantees an immersive viewing experience with its ultra-comfortable grip and state-of-the-art display technology. The Snapdragon 8 Gen 3-powered Xiaomi 14 skillfully strikes a mix between economy and performance. With the 90 W HyperCharge, charging is simplified. Its IP68 certification ensures durability, and its CCG technology provides maximum performance when charging."
    },
    {
      "id": "a6fc",
      "image": "https://rukminim2.flixcart.com/image/416/416/xif0q/mobile/p/z/g/-original-imagzr2e2xxem9kq.jpeg?q=70&crop=false",
      "title": "Xiaomi 14 (White, 512 GB)  (12 GB RAM)",
      "price": "72999",
      "oldPrice": "69999",
      "description": "Experience the pinnacle of photography with the Xiaomi 14, the product of the innovative partnership between Xiaomi and Leica. With three 50 MP Leica cameras, you can unleash your imagination and capture the subtleties of life with unmatched clarity. With its wide aperture, the primary 50 MP Summilux camera steals the show and produces amazing pictures across a range of lighting settings. Leica Cinematography has remarkable cinematic qualities, providing GoPro and Dolby Vision video recording. The phone's design guarantees an immersive viewing experience with its ultra-comfortable grip and state-of-the-art display technology. The Snapdragon 8 Gen 3-powered Xiaomi 14 skillfully strikes a mix between economy and performance. With the 90 W HyperCharge, charging is simplified. Its IP68 certification ensures durability, and its CCG technology provides maximum performance when charging."
    },
    {
      "id": "44c2",
      "image": "https://rukminim2.flixcart.com/image/416/416/xif0q/mobile/p/z/g/-original-imagzr2e2xxem9kq.jpeg?q=70&crop=false",
      "title": "Xiaomi 14 (White, 512 GB)  (12 GB RAM)",
      "price": "72999",
      "oldPrice": "69999",
      "description": "Experience the pinnacle of photography with the Xiaomi 14, the product of the innovative partnership between Xiaomi and Leica. With three 50 MP Leica cameras, you can unleash your imagination and capture the subtleties of life with unmatched clarity. With its wide aperture, the primary 50 MP Summilux camera steals the show and produces amazing pictures across a range of lighting settings. Leica Cinematography has remarkable cinematic qualities, providing GoPro and Dolby Vision video recording. The phone's design guarantees an immersive viewing experience with its ultra-comfortable grip and state-of-the-art display technology. The Snapdragon 8 Gen 3-powered Xiaomi 14 skillfully strikes a mix between economy and performance. With the 90 W HyperCharge, charging is simplified. Its IP68 certification ensures durability, and its CCG technology provides maximum performance when charging."
    },
    {
      "id": "c8f1",
      "image": "https://rukminim2.flixcart.com/image/416/416/xif0q/mobile/p/z/g/-original-imagzr2e2xxem9kq.jpeg?q=70&crop=false",
      "title": "Xiaomi 14 (White, 512 GB)  (12 GB RAM)",
      "price": "72999",
      "oldPrice": "69999",
      "description": "Experience the pinnacle of photography with the Xiaomi 14, the product of the innovative partnership between Xiaomi and Leica. With three 50 MP Leica cameras, you can unleash your imagination and capture the subtleties of life with unmatched clarity. With its wide aperture, the primary 50 MP Summilux camera steals the show and produces amazing pictures across a range of lighting settings. Leica Cinematography has remarkable cinematic qualities, providing GoPro and Dolby Vision video recording. The phone's design guarantees an immersive viewing experience with its ultra-comfortable grip and state-of-the-art display technology. The Snapdragon 8 Gen 3-powered Xiaomi 14 skillfully strikes a mix between economy and performance. With the 90 W HyperCharge, charging is simplified. Its IP68 certification ensures durability, and its CCG technology provides maximum performance when charging."
    },
    {
      "id": "43a7",
      "image": "https://rukminim2.flixcart.com/image/416/416/xif0q/mobile/p/z/g/-original-imagzr2e2xxem9kq.jpeg?q=70&crop=false",
      "title": "Xiaomi 14 (White, 512 GB)  (12 GB RAM)",
      "price": "72999",
      "oldPrice": "69999",
      "description": "Experience the pinnacle of photography with the Xiaomi 14, the product of the innovative partnership between Xiaomi and Leica. With three 50 MP Leica cameras, you can unleash your imagination and capture the subtleties of life with unmatched clarity. With its wide aperture, the primary 50 MP Summilux camera steals the show and produces amazing pictures across a range of lighting settings. Leica Cinematography has remarkable cinematic qualities, providing GoPro and Dolby Vision video recording. The phone's design guarantees an immersive viewing experience with its ultra-comfortable grip and state-of-the-art display technology. The Snapdragon 8 Gen 3-powered Xiaomi 14 skillfully strikes a mix between economy and performance. With the 90 W HyperCharge, charging is simplified. Its IP68 certification ensures durability, and its CCG technology provides maximum performance when charging."
    },
    {
      "id": "848b",
      "image": "https://rukminim2.flixcart.com/image/416/416/xif0q/mobile/p/z/g/-original-imagzr2e2xxem9kq.jpeg?q=70&crop=false",
      "title": "Xiaomi 14 (White, 512 GB)  (12 GB RAM)",
      "price": "72999",
      "oldPrice": "69999",
      "description": "Experience the pinnacle of photography with the Xiaomi 14, the product of the innovative partnership between Xiaomi and Leica. With three 50 MP Leica cameras, you can unleash your imagination and capture the subtleties of life with unmatched clarity. With its wide aperture, the primary 50 MP Summilux camera steals the show and produces amazing pictures across a range of lighting settings. Leica Cinematography has remarkable cinematic qualities, providing GoPro and Dolby Vision video recording. The phone's design guarantees an immersive viewing experience with its ultra-comfortable grip and state-of-the-art display technology. The Snapdragon 8 Gen 3-powered Xiaomi 14 skillfully strikes a mix between economy and performance. With the 90 W HyperCharge, charging is simplified. Its IP68 certification ensures durability, and its CCG technology provides maximum performance when charging."
    },
    {
      "id": "3b45",
      "image": "https://rukminim2.flixcart.com/image/416/416/xif0q/mobile/p/z/g/-original-imagzr2e2xxem9kq.jpeg?q=70&crop=false",
      "title": "Xiaomi 14 (White, 512 GB)  (12 GB RAM)",
      "price": "72999",
      "oldPrice": "69999",
      "description": "Experience the pinnacle of photography with the Xiaomi 14, the product of the innovative partnership between Xiaomi and Leica. With three 50 MP Leica cameras, you can unleash your imagination and capture the subtleties of life with unmatched clarity. With its wide aperture, the primary 50 MP Summilux camera steals the show and produces amazing pictures across a range of lighting settings. Leica Cinematography has remarkable cinematic qualities, providing GoPro and Dolby Vision video recording. The phone's design guarantees an immersive viewing experience with its ultra-comfortable grip and state-of-the-art display technology. The Snapdragon 8 Gen 3-powered Xiaomi 14 skillfully strikes a mix between economy and performance. With the 90 W HyperCharge, charging is simplified. Its IP68 certification ensures durability, and its CCG technology provides maximum performance when charging."
    },
    {
      "id": "89b5",
      "image": "https://rukminim2.flixcart.com/image/416/416/xif0q/mobile/p/z/g/-original-imagzr2e2xxem9kq.jpeg?q=70&crop=false",
      "title": "Xiaomi 14 (White, 512 GB)  (12 GB RAM)",
      "price": "72999",
      "oldPrice": "69999",
      "description": "Experience the pinnacle of photography with the Xiaomi 14, the product of the innovative partnership between Xiaomi and Leica. With three 50 MP Leica cameras, you can unleash your imagination and capture the subtleties of life with unmatched clarity. With its wide aperture, the primary 50 MP Summilux camera steals the show and produces amazing pictures across a range of lighting settings. Leica Cinematography has remarkable cinematic qualities, providing GoPro and Dolby Vision video recording. The phone's design guarantees an immersive viewing experience with its ultra-comfortable grip and state-of-the-art display technology. The Snapdragon 8 Gen 3-powered Xiaomi 14 skillfully strikes a mix between economy and performance. With the 90 W HyperCharge, charging is simplified. Its IP68 certification ensures durability, and its CCG technology provides maximum performance when charging."
    },
    {
      "id": "34c1",
      "image": "https://rukminim2.flixcart.com/image/416/416/xif0q/mobile/p/z/g/-original-imagzr2e2xxem9kq.jpeg?q=70&crop=false",
      "title": "Xiaomi 14 (White, 512 GB)  (12 GB RAM)",
      "price": "72999",
      "oldPrice": "69999",
      "description": "Experience the pinnacle of photography with the Xiaomi 14, the product of the innovative partnership between Xiaomi and Leica. With three 50 MP Leica cameras, you can unleash your imagination and capture the subtleties of life with unmatched clarity. With its wide aperture, the primary 50 MP Summilux camera steals the show and produces amazing pictures across a range of lighting settings. Leica Cinematography has remarkable cinematic qualities, providing GoPro and Dolby Vision video recording. The phone's design guarantees an immersive viewing experience with its ultra-comfortable grip and state-of-the-art display technology. The Snapdragon 8 Gen 3-powered Xiaomi 14 skillfully strikes a mix between economy and performance. With the 90 W HyperCharge, charging is simplified. Its IP68 certification ensures durability, and its CCG technology provides maximum performance when charging."
    },
    {
      "id": "d9e7",
      "image": "https://rukminim2.flixcart.com/image/416/416/xif0q/mobile/p/z/g/-original-imagzr2e2xxem9kq.jpeg?q=70&crop=false",
      "title": "Xiaomi 14 (White, 512 GB)  (12 GB RAM)",
      "price": "72999",
      "oldPrice": "69999",
      "description": "Experience the pinnacle of photography with the Xiaomi 14, the product of the innovative partnership between Xiaomi and Leica. With three 50 MP Leica cameras, you can unleash your imagination and capture the subtleties of life with unmatched clarity. With its wide aperture, the primary 50 MP Summilux camera steals the show and produces amazing pictures across a range of lighting settings. Leica Cinematography has remarkable cinematic qualities, providing GoPro and Dolby Vision video recording. The phone's design guarantees an immersive viewing experience with its ultra-comfortable grip and state-of-the-art display technology. The Snapdragon 8 Gen 3-powered Xiaomi 14 skillfully strikes a mix between economy and performance. With the 90 W HyperCharge, charging is simplified. Its IP68 certification ensures durability, and its CCG technology provides maximum performance when charging."
    },
    {
      "id": "6974",
      "image": "https://rukminim2.flixcart.com/image/416/416/xif0q/mobile/p/z/g/-original-imagzr2e2xxem9kq.jpeg?q=70&crop=false",
      "title": "Xiaomi 14 (White, 512 GB)  (12 GB RAM)",
      "price": "72999",
      "oldPrice": "69999",
      "description": "Experience the pinnacle of photography with the Xiaomi 14, the product of the innovative partnership between Xiaomi and Leica. With three 50 MP Leica cameras, you can unleash your imagination and capture the subtleties of life with unmatched clarity. With its wide aperture, the primary 50 MP Summilux camera steals the show and produces amazing pictures across a range of lighting settings. Leica Cinematography has remarkable cinematic qualities, providing GoPro and Dolby Vision video recording. The phone's design guarantees an immersive viewing experience with its ultra-comfortable grip and state-of-the-art display technology. The Snapdragon 8 Gen 3-powered Xiaomi 14 skillfully strikes a mix between economy and performance. With the 90 W HyperCharge, charging is simplified. Its IP68 certification ensures durability, and its CCG technology provides maximum performance when charging."
    },
    {
      "id": "d045",
      "image": "https://rukminim2.flixcart.com/image/416/416/xif0q/mobile/p/z/g/-original-imagzr2e2xxem9kq.jpeg?q=70&crop=false",
      "title": "Xiaomi 14 (White, 512 GB)  (12 GB RAM)",
      "price": "72999",
      "oldPrice": "69999",
      "description": "Experience the pinnacle of photography with the Xiaomi 14, the product of the innovative partnership between Xiaomi and Leica. With three 50 MP Leica cameras, you can unleash your imagination and capture the subtleties of life with unmatched clarity. With its wide aperture, the primary 50 MP Summilux camera steals the show and produces amazing pictures across a range of lighting settings. Leica Cinematography has remarkable cinematic qualities, providing GoPro and Dolby Vision video recording. The phone's design guarantees an immersive viewing experience with its ultra-comfortable grip and state-of-the-art display technology. The Snapdragon 8 Gen 3-powered Xiaomi 14 skillfully strikes a mix between economy and performance. With the 90 W HyperCharge, charging is simplified. Its IP68 certification ensures durability, and its CCG technology provides maximum performance when charging."
    },
    {
      "id": "a875",
      "image": "https://rukminim2.flixcart.com/image/416/416/xif0q/mobile/p/z/g/-original-imagzr2e2xxem9kq.jpeg?q=70&crop=false",
      "title": "Xiaomi 14 (White, 512 GB)  (12 GB RAM)",
      "price": "72999",
      "oldPrice": "69999",
      "description": "Experience the pinnacle of photography with the Xiaomi 14, the product of the innovative partnership between Xiaomi and Leica. With three 50 MP Leica cameras, you can unleash your imagination and capture the subtleties of life with unmatched clarity. With its wide aperture, the primary 50 MP Summilux camera steals the show and produces amazing pictures across a range of lighting settings. Leica Cinematography has remarkable cinematic qualities, providing GoPro and Dolby Vision video recording. The phone's design guarantees an immersive viewing experience with its ultra-comfortable grip and state-of-the-art display technology. The Snapdragon 8 Gen 3-powered Xiaomi 14 skillfully strikes a mix between economy and performance. With the 90 W HyperCharge, charging is simplified. Its IP68 certification ensures durability, and its CCG technology provides maximum performance when charging."
    },
    {
      "id": "55bb",
      "image": "https://rukminim2.flixcart.com/image/416/416/xif0q/mobile/p/z/g/-original-imagzr2e2xxem9kq.jpeg?q=70&crop=false",
      "title": "Xiaomi 14 (White, 512 GB)  (12 GB RAM)",
      "price": "72999",
      "oldPrice": "69999",
      "description": "Experience the pinnacle of photography with the Xiaomi 14, the product of the innovative partnership between Xiaomi and Leica. With three 50 MP Leica cameras, you can unleash your imagination and capture the subtleties of life with unmatched clarity. With its wide aperture, the primary 50 MP Summilux camera steals the show and produces amazing pictures across a range of lighting settings. Leica Cinematography has remarkable cinematic qualities, providing GoPro and Dolby Vision video recording. The phone's design guarantees an immersive viewing experience with its ultra-comfortable grip and state-of-the-art display technology. The Snapdragon 8 Gen 3-powered Xiaomi 14 skillfully strikes a mix between economy and performance. With the 90 W HyperCharge, charging is simplified. Its IP68 certification ensures durability, and its CCG technology provides maximum performance when charging."
    },
    {
      "id": "67a8",
      "image": "https://rukminim2.flixcart.com/image/416/416/xif0q/mobile/p/z/g/-original-imagzr2e2xxem9kq.jpeg?q=70&crop=false",
      "title": "Xiaomi 14 (White, 512 GB)  (12 GB RAM)",
      "price": "72999",
      "oldPrice": "69999",
      "description": "Experience the pinnacle of photography with the Xiaomi 14, the product of the innovative partnership between Xiaomi and Leica. With three 50 MP Leica cameras, you can unleash your imagination and capture the subtleties of life with unmatched clarity. With its wide aperture, the primary 50 MP Summilux camera steals the show and produces amazing pictures across a range of lighting settings. Leica Cinematography has remarkable cinematic qualities, providing GoPro and Dolby Vision video recording. The phone's design guarantees an immersive viewing experience with its ultra-comfortable grip and state-of-the-art display technology. The Snapdragon 8 Gen 3-powered Xiaomi 14 skillfully strikes a mix between economy and performance. With the 90 W HyperCharge, charging is simplified. Its IP68 certification ensures durability, and its CCG technology provides maximum performance when charging."
    },
    {
      "id": "3c8f",
      "image": "https://rukminim2.flixcart.com/image/416/416/xif0q/mobile/p/z/g/-original-imagzr2e2xxem9kq.jpeg?q=70&crop=false",
      "title": "Xiaomi 14 (White, 512 GB)  (12 GB RAM)",
      "price": "72999",
      "oldPrice": "69999",
      "description": "Experience the pinnacle of photography with the Xiaomi 14, the product of the innovative partnership between Xiaomi and Leica. With three 50 MP Leica cameras, you can unleash your imagination and capture the subtleties of life with unmatched clarity. With its wide aperture, the primary 50 MP Summilux camera steals the show and produces amazing pictures across a range of lighting settings. Leica Cinematography has remarkable cinematic qualities, providing GoPro and Dolby Vision video recording. The phone's design guarantees an immersive viewing experience with its ultra-comfortable grip and state-of-the-art display technology. The Snapdragon 8 Gen 3-powered Xiaomi 14 skillfully strikes a mix between economy and performance. With the 90 W HyperCharge, charging is simplified. Its IP68 certification ensures durability, and its CCG technology provides maximum performance when charging."
    }
  ]
}
