{
  "users": [
    {
      "id": "8d96",
      "userName": "dfkdj",
      "email": "abc@gmail.com",
      "password": "Abcde@123",
      "phone": "9023343844",
      "images": "https://images.unsplash.com/photo-1438761681033-6461ffad8d80?q=80&w=2070&auto=format&fit=crop&ixlib=rb-4.0.3&ixid=M3wxMjA3fDB8MHxwaG90by1wYWdlfHx8fGVufDB8fHx8fA%3D%3D"
    },
    {
      "id": "8d96",
      "userName": "dfkdj",
      "email": "abc@gmail.com",
      "password": "Abcde@123",
      "phone": "9023343844",
      "images": "https://images.unsplash.com/photo-1438761681033-6461ffad8d80?q=80&w=2070&auto=format&fit=crop&ixlib=rb-4.0.3&ixid=M3wxMjA3fDB8MHxwaG90by1wYWdlfHx8fGVufDB8fHx8fA%3D%3D"
    },
    {
      "id": "8d896",
      "userName": "dfkdj",
      "email": "abc@gmail.com",
      "password": "Abcde@123",
      "phone": "9023343844",
      "images": "https://images.unsplash.com/photo-1438761681033-6461ffad8d80?q=80&w=2070&auto=format&fit=crop&ixlib=rb-4.0.3&ixid=M3wxMjA3fDB8MHxwaG90by1wYWdlfHx8fGVufDB8fHx8fA%3D%3D"
    }
  ]
}
